<?xml version="1.0" encoding="UTF-8"?>
<!DOCTYPE codetemplates PUBLIC "-//NetBeans//DTD Editor Code Templates settings 1.0//EN" "http://www.netbeans.org/dtds/EditorCodeTemplates-1_0.dtd">
<codetemplates>
    <codetemplate abbreviation="tinf" xml:space="preserve">
        <code><![CDATA[; $Id$
name = ${mytheme}
description = ${description}
core = 6.x
version = VERSION
engine = phptemplate

stylesheets[all][] = ${style}.css

base theme = ${basetheme}]]></code>
    </codetemplate>
    <codetemplate abbreviation="d6_minf" xml:space="preserve">
        <code><![CDATA[; $Id$
name = ${modulename}
description = ${description}
package = Custom modules
version = VERSION
core = 6.x

dependencies[] = ${module}]]></code>
    </codetemplate>
    <codetemplate abbreviation="minfact" xml:space="preserve">
        <code><![CDATA[name = ${modulename}
description = ${description}
package = Factory Creative Studio
version = VERSION
core = 6.x

dependencies[] = ${module}]]></code>
    </codetemplate>
    <codetemplate abbreviation="d7_minf" xml:space="preserve">
        <code><![CDATA[name = ${modulename}
description = ${description}
package = Custom modules
version = VERSION
core = 7.x

dependencies[] = ${depmodule}

files[] = ${module}.module
files[] = ${module}.test]]></code>
    </codetemplate>
</codetemplates>
