<?xml version="1.0" encoding="UTF-8"?>
<!DOCTYPE codetemplates PUBLIC "-//NetBeans//DTD Editor Code Templates settings 1.0//EN" "http://www.netbeans.org/dtds/EditorCodeTemplates-1_0.dtd">
<codetemplates>
    <codetemplate abbreviation="html:xs" xml:space="preserve">
        <code><![CDATA[<!DOCTYPE html PUBLIC "-//W3C//DTD XHTML 1.0 Strict//EN" "http://www.w3.org/TR/xhtml1/DTD/xhtml1-strict.dtd">
<html xmlns="http://www.w3.org/1999/xhtml" xml:lang="ru">
    <head>
	<title>${title}</title>
	<meta http-equiv="Content-Type" content="text/html;charset=utf-8"/>
    </head>
    <body>
	${cursor}
    </body>
</html>]]></code>
    </codetemplate>
    <codetemplate abbreviation="html:xt" xml:space="preserve">
        <code><![CDATA[<!DOCTYPE html PUBLIC "-//W3C//DTD XHTML 1.0 Transitional//EN" "http://www.w3.org/TR/xhtml1/DTD/xhtml1-transitional.dtd">
<html xmlns="http://www.w3.org/1999/xhtml" xml:lang="ru">
    <head>
	<title>${title}</title>
	<meta http-equiv="Content-Type" content="text/html;charset=utf-8"/>
    </head>
    <body>
	${cursor}
    </body>
</html>]]></code>
    </codetemplate>
    <codetemplate abbreviation="input:date" xml:space="preserve">
        <code><![CDATA[<input type="date" id="${name}" name="${name}" value="${value}" />]]></code>
    </codetemplate>
    <codetemplate abbreviation="datagrid" xml:space="preserve">
        <code><![CDATA[<datagrid>${cursor}</datagrid>]]></code>
    </codetemplate>
    <codetemplate abbreviation="meter" xml:space="preserve">
        <code><![CDATA[<meter>${text}</meter>]]></code>
    </codetemplate>
    <codetemplate abbreviation="time" xml:space="preserve">
        <code><![CDATA[<time>${text}</time>]]></code>
    </codetemplate>
    <codetemplate abbreviation="h5" xml:space="preserve">
        <code><![CDATA[<h5>${text}</h5>]]></code>
        <description><![CDATA[Heading level 5]]></description>
    </codetemplate>
    <codetemplate abbreviation="h4" xml:space="preserve">
        <code><![CDATA[<h4>${text}</h4>]]></code>
        <description><![CDATA[Heading level 4]]></description>
    </codetemplate>
    <codetemplate abbreviation="h6" xml:space="preserve">
        <code><![CDATA[<h6>${text}</h6>]]></code>
        <description><![CDATA[Heading level 6]]></description>
    </codetemplate>
    <codetemplate abbreviation="datag" xml:space="preserve">
        <code><![CDATA[<datagrid>${cursor}</datagrid>]]></code>
    </codetemplate>
    <codetemplate abbreviation="h1" xml:space="preserve">
        <code><![CDATA[<h1>${text}</h1>]]></code>
        <description><![CDATA[Heading level 1]]></description>
    </codetemplate>
    <codetemplate abbreviation="video" xml:space="preserve">
        <code><![CDATA[<video src="${src}">${cursor}</video>]]></code>
    </codetemplate>
    <codetemplate abbreviation="option" xml:space="preserve">
        <code><![CDATA[<option value="${value}">${text}</option>]]></code>
    </codetemplate>
    <codetemplate abbreviation="h3" xml:space="preserve">
        <code><![CDATA[<h3>${text}</h3>]]></code>
        <description><![CDATA[Heading level 3]]></description>
    </codetemplate>
    <codetemplate abbreviation="h2" xml:space="preserve">
        <code><![CDATA[<h2>${text}</h2>]]></code>
        <description><![CDATA[Heading level 2]]></description>
    </codetemplate>
    <codetemplate abbreviation="input:checkbox" xml:space="preserve">
        <code><![CDATA[<input type="checkbox" name="${name}" />]]></code>
    </codetemplate>
    <codetemplate abbreviation="input:datetime-local" xml:space="preserve">
        <code><![CDATA[<input type="datetime-local" id="${name}" name="${name}" value="${value}" />]]></code>
    </codetemplate>
    <codetemplate abbreviation="div:c" xml:space="preserve">
        <code><![CDATA[<div class="${class}">${cursor}</div>]]></code>
        <description><![CDATA[DIV with class.]]></description>
    </codetemplate>
    <codetemplate abbreviation="html:xml" xml:space="preserve">
        <code><![CDATA[<html xmlns="http://www.w3.org/1999/xhtml" xml:lang="ru">
    ${cursor}
</html>]]></code>
        <description><![CDATA[HTML XML blank document.]]></description>
    </codetemplate>
    <codetemplate abbreviation="p:c" xml:space="preserve">
        <code><![CDATA[<p class="${class}">${cursor}</p>]]></code>
    </codetemplate>
    <codetemplate abbreviation="h4_selected" xml:space="preserve">
        <code><![CDATA[<h4>${selection}</h4>]]></code>
    </codetemplate>
    <codetemplate abbreviation="header" xml:space="preserve">
        <code><![CDATA[<header>${cursor}</header>]]></code>
    </codetemplate>
    <codetemplate abbreviation="p:i" xml:space="preserve">
        <code><![CDATA[<p id="${id}">${cursor}</p>]]></code>
    </codetemplate>
    <codetemplate abbreviation="cmd" xml:space="preserve">
        <code><![CDATA[<command />]]></code>
    </codetemplate>
    <codetemplate abbreviation="textarea" xml:space="preserve">
        <code><![CDATA[<textarea id="${name}" name="${name}" cols="${cols default="30"}" rows="${rows default="10"}"></textarea>]]></code>
    </codetemplate>
    <codetemplate abbreviation="input:color" xml:space="preserve">
        <code><![CDATA[<input type="color" id="${name}" name="${name}" value="${value}" />]]></code>
    </codetemplate>
    <codetemplate abbreviation="big" xml:space="preserve">
        <code><![CDATA[<big>${text}</big>]]></code>
        <description><![CDATA[Large text.]]></description>
    </codetemplate>
    <codetemplate abbreviation="h3_selected" xml:space="preserve">
        <code><![CDATA[<h3>${selection}</h3>]]></code>
    </codetemplate>
    <codetemplate abbreviation="dt" xml:space="preserve">
        <code><![CDATA[<dt>${text}</dt>]]></code>
        <description><![CDATA[Definition term.]]></description>
    </codetemplate>
    <codetemplate abbreviation="param" xml:space="preserve">
        <code><![CDATA[<param name="${name}" value="${value}"/>]]></code>
        <description><![CDATA[named property value]]></description>
    </codetemplate>
    <codetemplate abbreviation="input:email" xml:space="preserve">
        <code><![CDATA[<input type="email" id="${name}" name="${name}" value="${value}" />]]></code>
    </codetemplate>
    <codetemplate abbreviation="meta" xml:space="preserve">
        <code><![CDATA[<meta content="${text}" />]]></code>
        <description><![CDATA[Metainformation.]]></description>
    </codetemplate>
    <codetemplate abbreviation="dd" xml:space="preserve">
        <code><![CDATA[<dd>${text}</dd>]]></code>
        <description><![CDATA[Definition description.]]></description>
    </codetemplate>
    <codetemplate abbreviation="i_selected" xml:space="preserve">
        <code><![CDATA[<i>${selection}</i>]]></code>
    </codetemplate>
    <codetemplate abbreviation="figure" xml:space="preserve">
        <code><![CDATA[<figure>${text}</figure>]]></code>
    </codetemplate>
    <codetemplate abbreviation="sect" xml:space="preserve">
        <code><![CDATA[<section>${cursor}</section>]]></code>
    </codetemplate>
    <codetemplate abbreviation="map" xml:space="preserve">
        <code><![CDATA[<map id="${name}">${text}</map>]]></code>
        <description><![CDATA[Client-side image map.]]></description>
    </codetemplate>
    <codetemplate abbreviation="a:i" xml:space="preserve">
        <code><![CDATA[<a id="${id}" href="${href default="http://"}">${text}</a>]]></code>
    </codetemplate>
    <codetemplate abbreviation="dl" xml:space="preserve">
        <code><![CDATA[<dl>${cursor}</dl>]]></code>
        <description><![CDATA[Definition list.]]></description>
    </codetemplate>
    <codetemplate abbreviation="a:mail" xml:space="preserve">
        <code><![CDATA[<a href="mailto:${mail}">${mail}${cursor}</a>]]></code>
        <description><![CDATA[Link to write an email.]]></description>
    </codetemplate>
    <codetemplate abbreviation="div:i" xml:space="preserve">
        <code><![CDATA[<div id="${id}">${cursor}</div>]]></code>
        <description><![CDATA[DIV with id.]]></description>
    </codetemplate>
    <codetemplate abbreviation="input:hidden" xml:space="preserve">
        <code><![CDATA[<input type="hidden" id="${name}" name="${name}" value="${value}" />]]></code>
    </codetemplate>
    <codetemplate abbreviation="menu:toolbar" xml:space="preserve">
        <code><![CDATA[<menu type="toolbar">${cursor}</menu>]]></code>
    </codetemplate>
    <codetemplate abbreviation="ul" xml:space="preserve">
        <code><![CDATA[<ul>${cursor}</ul>]]></code>
        <description><![CDATA[Unordered list.]]></description>
    </codetemplate>
    <codetemplate abbreviation="b" xml:space="preserve">
        <code><![CDATA[<b>${text}</b>]]></code>
        <description><![CDATA[Bold text.]]></description>
    </codetemplate>
    <codetemplate abbreviation="datalist" xml:space="preserve">
        <code><![CDATA[<datalist>${cursor}</datalist>]]></code>
    </codetemplate>
    <codetemplate abbreviation="a" xml:space="preserve">
        <code><![CDATA[<a href="${href default="http://"}">${text}</a>]]></code>
        <description><![CDATA[Hyperlink.]]></description>
    </codetemplate>
    <codetemplate abbreviation="blockquote" xml:space="preserve">
        <code><![CDATA[<blockquote>${text}</blockquote>]]></code>
    </codetemplate>
    <codetemplate abbreviation="i" xml:space="preserve">
        <code><![CDATA[<i>${text}</i>]]></code>
        <description><![CDATA[Italic text style.]]></description>
    </codetemplate>
    <codetemplate abbreviation="tt" xml:space="preserve">
        <code><![CDATA[<tt>${text}</tt>]]></code>
        <description><![CDATA[Monospaced font.]]></description>
    </codetemplate>
    <codetemplate abbreviation="legend" xml:space="preserve">
        <code><![CDATA[<legend>${text}</legend>]]></code>
        <description><![CDATA[Form legend.]]></description>
    </codetemplate>
    <codetemplate abbreviation="q" xml:space="preserve">
        <code><![CDATA[<q>${text}</q>]]></code>
        <description><![CDATA[Inline quotation.]]></description>
    </codetemplate>
    <codetemplate abbreviation="p" xml:space="preserve">
        <code><![CDATA[<p>${cursor}</p>]]></code>
        <description><![CDATA[Paragraph.]]></description>
    </codetemplate>
    <codetemplate abbreviation="base" xml:space="preserve">
        <code><![CDATA[<base href="${base}" />]]></code>
        <description><![CDATA[Document base URI.]]></description>
    </codetemplate>
    <codetemplate abbreviation="html:5" xml:space="preserve">
        <code><![CDATA[<!DOCTYPE HTML>
<html lang="ru-RU">
    <head>
	<title>${title}</title>
	<meta charset="UTF-8">
    </head>
    <body>
	${cursor}
    </body>
</html>]]></code>
        <description><![CDATA[HTML5 blank document.]]></description>
    </codetemplate>
    <codetemplate abbreviation="meta:win" xml:space="preserve">
        <code><![CDATA[<meta http-equiv="content-type" content="text/html;charset=Win-1251" />]]></code>
        <description><![CDATA[Windows-1251 charset.]]></description>
    </codetemplate>
    <codetemplate abbreviation="em" xml:space="preserve">
        <code><![CDATA[<em>${text}</em>]]></code>
        <description><![CDATA[Emphasis.]]></description>
    </codetemplate>
    <codetemplate abbreviation="progress" xml:space="preserve">
        <code><![CDATA[<progress>${text}</progress>]]></code>
    </codetemplate>
    <codetemplate abbreviation="body" xml:space="preserve">
        <code><![CDATA[<body>${cursor}</body>]]></code>
        <description><![CDATA[Document body element.]]></description>
    </codetemplate>
    <codetemplate abbreviation="col" xml:space="preserve">
        <code><![CDATA[<col span="${span}" width="${width}">${text}</col>]]></code>
        <description><![CDATA[Table column.]]></description>
    </codetemplate>
    <codetemplate abbreviation="tr" xml:space="preserve">
        <code><![CDATA[<tr>${text}</tr>]]></code>
        <description><![CDATA[Table row.]]></description>
    </codetemplate>
    <codetemplate abbreviation="input:time" xml:space="preserve">
        <code><![CDATA[<input type="time" id="${name}" name="${name}" value="${value}" />]]></code>
    </codetemplate>
    <codetemplate abbreviation="td" xml:space="preserve">
        <code><![CDATA[<td>${text}</td>]]></code>
        <description><![CDATA[Table data cell.]]></description>
    </codetemplate>
    <codetemplate abbreviation="br" xml:space="preserve">
        <code><![CDATA[<br />]]></code>
        <description><![CDATA[Line break.]]></description>
    </codetemplate>
    <codetemplate abbreviation="th" xml:space="preserve">
        <code><![CDATA[<th>${text}</th>]]></code>
        <description><![CDATA[Table header cell.]]></description>
    </codetemplate>
    <codetemplate abbreviation="bq" xml:space="preserve">
        <code><![CDATA[<blockquote>${text}</blockquote>]]></code>
        <description><![CDATA[Blockquote.]]></description>
    </codetemplate>
    <codetemplate abbreviation="em_selected" xml:space="preserve">
        <code><![CDATA[<em>${selection}</em>]]></code>
    </codetemplate>
    <codetemplate abbreviation="samp" xml:space="preserve">
        <code><![CDATA[<samp>${text}</samp>]]></code>
        <description><![CDATA[Sample program output, scripts, etc.]]></description>
    </codetemplate>
    <codetemplate abbreviation="bb" xml:space="preserve">
        <code><![CDATA[<bb>${cursor}</bb>]]></code>
    </codetemplate>
    <codetemplate abbreviation="menu:context" xml:space="preserve">
        <code><![CDATA[<menu type="context">${cursor}</menu>]]></code>
    </codetemplate>
    <codetemplate abbreviation="fset" xml:space="preserve">
        <code><![CDATA[<fieldset>${cursor}</fieldset>]]></code>
        <description><![CDATA[Form control group.]]></description>
    </codetemplate>
    <codetemplate abbreviation="strong_selected" xml:space="preserve">
        <code><![CDATA[<strong>${selection}</strong>]]></code>
    </codetemplate>
    <codetemplate abbreviation="input:range" xml:space="preserve">
        <code><![CDATA[<input type="range" id="${name}" name="${name}" value="${value}" />]]></code>
    </codetemplate>
    <codetemplate abbreviation="area:r" xml:space="preserve">
        <code><![CDATA[<area shape="rect" href="${href}" alt="${alt}">]]></code>
    </codetemplate>
    <codetemplate abbreviation="area:p" xml:space="preserve">
        <code><![CDATA[<area shape="poly" href="${href}" alt="${alt}">]]></code>
    </codetemplate>
    <codetemplate abbreviation="select" xml:space="preserve">
        <code><![CDATA[<select id="${name}" name="${name}">${text}</select>]]></code>
    </codetemplate>
    <codetemplate abbreviation="abbr" xml:space="preserve">
        <code><![CDATA[<abbr title="${title}">${text}</abbr>]]></code>
        <description><![CDATA[Abbreviation.]]></description>
    </codetemplate>
    <codetemplate abbreviation="canvas" xml:space="preserve">
        <code><![CDATA[<canvas>${cursor}</canvas>]]></code>
    </codetemplate>
    <codetemplate abbreviation="label" xml:space="preserve">
        <code><![CDATA[<label for="${id}">${text}</label>]]></code>
        <description><![CDATA[Form field label.]]></description>
    </codetemplate>
    <codetemplate abbreviation="code" xml:space="preserve">
        <code><![CDATA[<code>${text}</code>]]></code>
        <description><![CDATA[Computer code fragment.]]></description>
    </codetemplate>
    <codetemplate abbreviation="script" xml:space="preserve">
        <code><![CDATA[<script type="text/javascript">${cursor}</script>]]></code>
        <description><![CDATA[Script statements.]]></description>
    </codetemplate>
    <codetemplate abbreviation="ifr" xml:space="preserve">
        <code><![CDATA[<iframe frameborder="0" src="${link}" id="${name}" name="${name}" width="${width}" height="${height}"></iframe>]]></code>
    </codetemplate>
    <codetemplate abbreviation="select=" xml:space="preserve">
        <code><![CDATA[<select id="${name}" name="${name}">
    <option value="${value}">${text}</option>
</select>]]></code>
    </codetemplate>
    <codetemplate abbreviation="ftr" xml:space="preserve">
        <code><![CDATA[<footer>${cursor}</footer>]]></code>
    </codetemplate>
    <codetemplate abbreviation="input" xml:space="preserve">
        <code><![CDATA[<input type="${type}" id="${name}" name="${name}" value="${value}" />]]></code>
        <description><![CDATA[Form control.]]></description>
    </codetemplate>
    <codetemplate abbreviation="iframe" xml:space="preserve">
        <code><![CDATA[<iframe frameborder="0" src="${link}" id="${name}" name="${name}" width="${width}" height="${height}"></iframe>]]></code>
        <description><![CDATA[Inline frame.]]></description>
    </codetemplate>
    <codetemplate abbreviation="str" xml:space="preserve">
        <code><![CDATA[<strong>${text}</strong>]]></code>
    </codetemplate>
    <codetemplate abbreviation="h6_selected" xml:space="preserve">
        <code><![CDATA[<h6>${selection}</h6>]]></code>
    </codetemplate>
    <codetemplate abbreviation="link:atom" xml:space="preserve">
        <code><![CDATA[<link rel="alternate" type="application/atom+xml" title="Atom 0.3" href="${atom}" />]]></code>
        <description><![CDATA[Atom feed link.]]></description>
    </codetemplate>
    <codetemplate abbreviation="rt" xml:space="preserve">
        <code><![CDATA[<rt>${text}</rt>]]></code>
    </codetemplate>
    <codetemplate abbreviation="link:touch" xml:space="preserve">
        <code><![CDATA[<link rel="apple-touch-icon" href="${favicon}.png" />]]></code>
        <description><![CDATA[Apple touch icon.]]></description>
    </codetemplate>
    <codetemplate abbreviation="table=" xml:space="preserve">
        <code><![CDATA[<table>
    <tr>
	<td>${cursor}</td>
    </tr>
</table>]]></code>
    </codetemplate>
    <codetemplate abbreviation="span" xml:space="preserve">
        <code><![CDATA[<span>${text}</span>]]></code>
        <description><![CDATA[Generic inline language/style container.]]></description>
    </codetemplate>
    <codetemplate abbreviation="menu:c" xml:space="preserve">
        <code><![CDATA[<menu type="context">${cursor}</menu>]]></code>
    </codetemplate>
    <codetemplate abbreviation="rp" xml:space="preserve">
        <code><![CDATA[<rp>${text}</rp>]]></code>
    </codetemplate>
    <codetemplate abbreviation="sub" xml:space="preserve">
        <code><![CDATA[<sub>${text}</sub>]]></code>
        <description><![CDATA[Subscript.]]></description>
    </codetemplate>
    <codetemplate abbreviation="ruby" xml:space="preserve">
        <code><![CDATA[<ruby>${text}</ruby>]]></code>
    </codetemplate>
    <codetemplate abbreviation="cap" xml:space="preserve">
        <code><![CDATA[<caption>${text}</caption>]]></code>
    </codetemplate>
    <codetemplate abbreviation="var" xml:space="preserve">
        <code><![CDATA[<var>${text}</var>]]></code>
        <description><![CDATA[Variable or program argument.]]></description>
    </codetemplate>
    <codetemplate abbreviation="input:reset" xml:space="preserve">
        <code><![CDATA[<input type="reset" value="${title}" />]]></code>
    </codetemplate>
    <codetemplate abbreviation="optgroup=" xml:space="preserve">
        <code><![CDATA[<optgroup label="${label}">
    <option value="${value}">${text}</option>
</optgroup>]]></code>
    </codetemplate>
    <codetemplate abbreviation="sup" xml:space="preserve">
        <code><![CDATA[<sup>${text}</sup>]]></code>
        <description><![CDATA[Superscript.]]></description>
    </codetemplate>
    <codetemplate abbreviation="colgroup=" xml:space="preserve">
        <code><![CDATA[<colgroup span="${span}" width="${width}">
    <col />
</colgroup>]]></code>
    </codetemplate>
    <codetemplate abbreviation="menu:t" xml:space="preserve">
        <code><![CDATA[<menu type="toolbar">${cursor}</menu>]]></code>
    </codetemplate>
    <codetemplate abbreviation="link:rss" xml:space="preserve">
        <code><![CDATA[<link rel="alternate" type="application/rss+xml" title="RSS 2.0" href="${rss}" />]]></code>
        <description><![CDATA[RSS link.]]></description>
    </codetemplate>
    <codetemplate abbreviation="area" xml:space="preserve">
        <code><![CDATA[<area shape="${shape}" coords="${coords}" href="${href}" alt="${alt}">]]></code>
        <description><![CDATA[Image map area.]]></description>
    </codetemplate>
    <codetemplate abbreviation="style" xml:space="preserve">
        <code><![CDATA[<style type="text/css" media="${media default="screen"}">${cursor}</style>]]></code>
        <description><![CDATA[Style info.]]></description>
    </codetemplate>
    <codetemplate abbreviation="area:d" xml:space="preserve">
        <code><![CDATA[<area shape="default" href="${href}" alt="${alt}">]]></code>
    </codetemplate>
    <codetemplate abbreviation="area:c" xml:space="preserve">
        <code><![CDATA[<area shape="circle" href="${href}" alt="${alt}">]]></code>
    </codetemplate>
    <codetemplate abbreviation="xhtml:xxs" xml:space="preserve">
        <code><![CDATA[<!DOCTYPE html PUBLIC "-//W3C//DTD XHTML 1.1//EN" "http://www.w3.org/TR/xhtml11/DTD/xhtml11.dtd">
<html xmlns="http://www.w3.org/1999/xhtml" xml:lang="ru">
    <head>
	<title>${title}</title>
	<meta http-equiv="Content-Type" content="text/html;charset=utf-8"/>
    </head>
    <body>
	${cursor}
    </body>
</html>]]></code>
    </codetemplate>
    <codetemplate abbreviation="li-a" xml:space="preserve">
        <code><![CDATA[<li><a href="${href default="http://"}">${text}</a></li>]]></code>
    </codetemplate>
    <codetemplate abbreviation="input:week" xml:space="preserve">
        <code><![CDATA[<input type="week" id="${name}" name="${name}" value="${value}" />]]></code>
    </codetemplate>
    <codetemplate abbreviation="input:image" xml:space="preserve">
        <code><![CDATA[<input type="image" id="${name}" name="${name}" src="${src}" alt="${alt}" />]]></code>
    </codetemplate>
    <codetemplate abbreviation="thead" xml:space="preserve">
        <code><![CDATA[<thead>${cursor}</thead>]]></code>
        <description><![CDATA[Table header.]]></description>
    </codetemplate>
    <codetemplate abbreviation="audio" xml:space="preserve">
        <code><![CDATA[<audio src="${src}">${cursor}</audio>]]></code>
    </codetemplate>
    <codetemplate abbreviation="hdr" xml:space="preserve">
        <code><![CDATA[<header>${cursor}</header>]]></code>
    </codetemplate>
    <codetemplate abbreviation="input:url" xml:space="preserve">
        <code><![CDATA[<input type="url" id="${name}" name="${name}" value="${value}" />]]></code>
    </codetemplate>
    <codetemplate abbreviation="input:submit" xml:space="preserve">
        <code><![CDATA[<input type="submit" value="${button_title}" />]]></code>
    </codetemplate>
    <codetemplate abbreviation="source" xml:space="preserve">
        <code><![CDATA[<source />]]></code>
    </codetemplate>
    <codetemplate abbreviation="tbody" xml:space="preserve">
        <code><![CDATA[<tbody>${cursor}</tbody>]]></code>
        <description><![CDATA[Table body.]]></description>
    </codetemplate>
    <codetemplate abbreviation="pre" xml:space="preserve">
        <code><![CDATA[<pre>${cursor}</pre>]]></code>
        <description><![CDATA[Preformatted text.]]></description>
    </codetemplate>
    <codetemplate abbreviation="tr=" xml:space="preserve">
        <code><![CDATA[<tr>
    <td>${cursor}</td>
</tr>]]></code>
    </codetemplate>
    <codetemplate abbreviation="nav" xml:space="preserve">
        <code><![CDATA[<nav>${cursor}</nav>]]></code>
    </codetemplate>
    <codetemplate abbreviation="html" xml:space="preserve">
        <code><![CDATA[<html>${cursor}</html>]]></code>
        <description><![CDATA[Document root.]]></description>
    </codetemplate>
    <codetemplate abbreviation="out" xml:space="preserve">
        <code><![CDATA[<output>${cursor}</output>]]></code>
    </codetemplate>
    <codetemplate abbreviation="keygen" xml:space="preserve">
        <code><![CDATA[<keygen />]]></code>
    </codetemplate>
    <codetemplate abbreviation="colgroup" xml:space="preserve">
        <code><![CDATA[<colgroup span="${span}" width="${width}">${cursor}</colgroup>]]></code>
        <description><![CDATA[Table column group.]]></description>
    </codetemplate>
    <codetemplate abbreviation="noscript" xml:space="preserve">
        <code><![CDATA[<noscript>${text}</noscript>]]></code>
        <description><![CDATA[Alternate content container for non script-based rendering.]]></description>
    </codetemplate>
    <codetemplate abbreviation="h2_selected" xml:space="preserve">
        <code><![CDATA[<h2>${selection}</h2>]]></code>
    </codetemplate>
    <codetemplate abbreviation="map=" xml:space="preserve">
        <code><![CDATA[<map id="${name}">
    <area shape="${shape}" coords="${coords}" href="${hred}" alt="${alt}" />
</map>]]></code>
    </codetemplate>
    <codetemplate abbreviation="kbd" xml:space="preserve">
        <code><![CDATA[<kbd>${text}</kbd>]]></code>
        <description><![CDATA[Keyboard input.]]></description>
    </codetemplate>
    <codetemplate abbreviation="h1_selected" xml:space="preserve">
        <code><![CDATA[<h1>${selection}</h1>]]></code>
    </codetemplate>
    <codetemplate abbreviation="button" xml:space="preserve">
        <code><![CDATA[<button type="${type}" name="${name}" id="${name}" value="${value}"></button>]]></code>
    </codetemplate>
    <codetemplate abbreviation="ol" xml:space="preserve">
        <code><![CDATA[<ol>${cursor}</ol>]]></code>
        <description><![CDATA[Ordered list.]]></description>
    </codetemplate>
    <codetemplate abbreviation="opt" xml:space="preserve">
        <code><![CDATA[<option value="${value}">${text}</option>]]></code>
        <description><![CDATA[Selectable option.]]></description>
    </codetemplate>
    <codetemplate abbreviation="form" xml:space="preserve">
        <code><![CDATA[<form action="${action}" method="${method}">${cursor}</form>]]></code>
        <description><![CDATA[Interactive form.]]></description>
    </codetemplate>
    <codetemplate abbreviation="menu" xml:space="preserve">
        <code><![CDATA[<menu>${cursor}</menu>]]></code>
    </codetemplate>
    <codetemplate abbreviation="art" xml:space="preserve">
        <code><![CDATA[<article>${cursor}</article>]]></code>
    </codetemplate>
    <codetemplate abbreviation="input:text" xml:space="preserve">
        <code><![CDATA[<input type="text" id="${name}" name="${name}" value="${value}" />]]></code>
    </codetemplate>
    <codetemplate abbreviation="cc:ie" xml:space="preserve">
        <code><![CDATA[<!--[if IE]>
${cursor}
<![endif]-->]]></code>
    </codetemplate>
    <codetemplate abbreviation="table" xml:space="preserve">
        <code><![CDATA[<table>${cursor}</table>]]></code>
        <description><![CDATA[Table.]]></description>
    </codetemplate>
    <codetemplate abbreviation="cite" xml:space="preserve">
        <code><![CDATA[<cite>${text}</cite>]]></code>
        <description><![CDATA[Citation.]]></description>
    </codetemplate>
    <codetemplate abbreviation="span:c" xml:space="preserve">
        <code><![CDATA[<span class="${class}">${cursor}</span>]]></code>
    </codetemplate>
    <codetemplate abbreviation="emb" xml:space="preserve">
        <code><![CDATA[<embed src="${src}" type="${type}" />]]></code>
    </codetemplate>
    <codetemplate abbreviation="span:i" xml:space="preserve">
        <code><![CDATA[<span id="${id}">${cursor}</span>]]></code>
    </codetemplate>
    <codetemplate abbreviation="small" xml:space="preserve">
        <code><![CDATA[<small>${text}</small>]]></code>
        <description><![CDATA[Small text.]]></description>
    </codetemplate>
    <codetemplate abbreviation="optgroup" xml:space="preserve">
        <code><![CDATA[<optgroup label="${label}">${cursor}</optgroup>]]></code>
        <description><![CDATA[Option group.]]></description>
    </codetemplate>
    <codetemplate abbreviation="optg=" xml:space="preserve">
        <code><![CDATA[<optgroup label="${label}">
    <option value="${value}">${text}</option>
</optgroup>]]></code>
    </codetemplate>
    <codetemplate abbreviation="det" xml:space="preserve">
        <code><![CDATA[<details>${cursor}</details>]]></code>
    </codetemplate>
    <codetemplate abbreviation="bdo" xml:space="preserve">
        <code><![CDATA[<bdo dir="${direction default="rtl"}">${bdo}</bdo>]]></code>
        <description><![CDATA[Bidirectional override. The dir attribute value is rtl by default.]]></description>
    </codetemplate>
    <codetemplate abbreviation="link" xml:space="preserve">
        <code><![CDATA[<link href="${href}" />]]></code>
        <description><![CDATA[Media-independent link.]]></description>
    </codetemplate>
    <codetemplate abbreviation="html:4t" xml:space="preserve">
        <code><![CDATA[<!DOCTYPE HTML PUBLIC "-//W3C//DTD HTML 4.01 Transitional//EN" "http://www.w3.org/TR/html4/loose.dtd">
<html lang="ru">
    <head>
	<title>${title}</title>
	<meta http-equiv="Content-Type" content="text/html;charset=utf-8">
    </head>
    <body>
	${cursor}
    </body>
</html>]]></code>
    </codetemplate>
    <codetemplate abbreviation="html:4s" xml:space="preserve">
        <code><![CDATA[<!DOCTYPE HTML PUBLIC "-//W3C//DTD HTML 4.01//EN" "http://www.w3.org/TR/html4/strict.dtd">
<html lang="ru">
    <head>
	<title>${title}</title>
	<meta http-equiv="Content-Type" content="text/html;charset=utf-8">
    </head>
    <body>
	${cursor}
    </body>
</html>]]></code>
    </codetemplate>
    <codetemplate abbreviation="aside" xml:space="preserve">
        <code><![CDATA[<aside>${cursor}</aside>]]></code>
    </codetemplate>
    <codetemplate abbreviation="h5_selected" xml:space="preserve">
        <code><![CDATA[<h5>${selection}</h5>]]></code>
    </codetemplate>
    <codetemplate abbreviation="a:link" xml:space="preserve">
        <code><![CDATA[<a href="${href default="http://"}">${text}</a>]]></code>
    </codetemplate>
    <codetemplate abbreviation="input:month" xml:space="preserve">
        <code><![CDATA[<input type="month" id="${name}" name="${name}" value="${value}" />]]></code>
    </codetemplate>
    <codetemplate abbreviation="prog" xml:space="preserve">
        <code><![CDATA[<progress>${text}</progress>]]></code>
    </codetemplate>
    <codetemplate abbreviation="title" xml:space="preserve">
        <code><![CDATA[<title>${text}</title>]]></code>
        <description><![CDATA[Document title.]]></description>
    </codetemplate>
    <codetemplate abbreviation="btn" xml:space="preserve">
        <code><![CDATA[<button type="${type}" name="${name}" id="${name}" value="${value}"></button>]]></code>
        <description><![CDATA[Button. name value is copied to id value.]]></description>
    </codetemplate>
    <codetemplate abbreviation="bdo:l" xml:space="preserve">
        <code><![CDATA[<bdo dir="${direction default="ltr"}">${bdo}</bdo>]]></code>
    </codetemplate>
    <codetemplate abbreviation="command" xml:space="preserve">
        <code><![CDATA[<command />]]></code>
    </codetemplate>
    <codetemplate abbreviation="del" xml:space="preserve">
        <code><![CDATA[<del>${text}</del>]]></code>
        <description><![CDATA[Deleted text.]]></description>
    </codetemplate>
    <codetemplate abbreviation="ul=" xml:space="preserve">
        <code><![CDATA[<ul>
    <li>${cursor}</li>
</ul>]]></code>
    </codetemplate>
    <codetemplate abbreviation="fieldset" xml:space="preserve">
        <code><![CDATA[<fieldset>${cursor}</fieldset>]]></code>
    </codetemplate>
    <codetemplate abbreviation="src" xml:space="preserve">
        <code><![CDATA[<source />]]></code>
    </codetemplate>
    <codetemplate abbreviation="script:src" xml:space="preserve">
        <code><![CDATA[<script type="text/javascript" src="${script}.js"></script>]]></code>
        <description><![CDATA[Script inclusion.]]></description>
    </codetemplate>
    <codetemplate abbreviation="input:search" xml:space="preserve">
        <code><![CDATA[<input type="search" id="${name}" name="${name}" value="${value}" />]]></code>
    </codetemplate>
    <codetemplate abbreviation="form:post" xml:space="preserve">
        <code><![CDATA[<form action="${action}" method="post">${cursor}</form>]]></code>
    </codetemplate>
    <codetemplate abbreviation="caption" xml:space="preserve">
        <code><![CDATA[<caption>${text}</caption>]]></code>
        <description><![CDATA[Table caption.]]></description>
    </codetemplate>
    <codetemplate abbreviation="bdo:r" xml:space="preserve">
        <code><![CDATA[<bdo dir="${direction default="rtl"}">${bdo}</bdo>]]></code>
    </codetemplate>
    <codetemplate abbreviation="footer" xml:space="preserve">
        <code><![CDATA[<footer>${cursor}</footer>]]></code>
    </codetemplate>
    <codetemplate abbreviation="leg" xml:space="preserve">
        <code><![CDATA[<legend>${text}</legend>]]></code>
    </codetemplate>
    <codetemplate abbreviation="input:radio" xml:space="preserve">
        <code><![CDATA[<input type="radio" name="${name}" />]]></code>
    </codetemplate>
    <codetemplate abbreviation="article" xml:space="preserve">
        <code><![CDATA[<article>${cursor}</article>]]></code>
    </codetemplate>
    <codetemplate abbreviation="link:css" xml:space="preserve">
        <code><![CDATA[<link rel="stylesheet" type="text/css" href="${css}.css" media="${media default="all"}" />]]></code>
        <description><![CDATA[CSS link.]]></description>
    </codetemplate>
    <codetemplate abbreviation="obj" xml:space="preserve">
        <code><![CDATA[<object data="${data}" type="${type}" width="${width}" height="${height}">${cursor}</object>]]></code>
    </codetemplate>
    <codetemplate abbreviation="dfn" xml:space="preserve">
        <code><![CDATA[<dfn>${text}</dfn>]]></code>
        <description><![CDATA[Instance definition.]]></description>
    </codetemplate>
    <codetemplate abbreviation="dlg" xml:space="preserve">
        <code><![CDATA[<dialog>${cursor}</dialog>]]></code>
    </codetemplate>
    <codetemplate abbreviation="meta:compat" xml:space="preserve">
        <code><![CDATA[<meta http-equiv="X-UA-Compatible" content="IE=7" />]]></code>
        <description><![CDATA[IE8 in compatibility mode.]]></description>
    </codetemplate>
    <codetemplate abbreviation="img" xml:space="preserve">
        <code><![CDATA[<img src="${src}" width="${width}" height="${hight}" alt="${alt}"/>]]></code>
        <description><![CDATA[Image.]]></description>
    </codetemplate>
    <codetemplate abbreviation="kg" xml:space="preserve">
        <code><![CDATA[<keygen />]]></code>
    </codetemplate>
    <codetemplate abbreviation="input:password" xml:space="preserve">
        <code><![CDATA[<input type="password" id="${name}" name="${name}" value="${value}" />]]></code>
    </codetemplate>
    <codetemplate abbreviation="colg" xml:space="preserve">
        <code><![CDATA[<colgroup span="${span}" width="${width}">${cursor}</colgroup>]]></code>
    </codetemplate>
    <codetemplate abbreviation="head" xml:space="preserve">
        <code><![CDATA[<head>${cursor}</head>]]></code>
        <description><![CDATA[Document head.]]></description>
    </codetemplate>
    <codetemplate abbreviation="cc:noie" xml:space="preserve">
        <code><![CDATA[<!--[if !IE]><!-->
${cursor}
<!--<![endif]-->]]></code>
    </codetemplate>
    <codetemplate abbreviation="ol=" xml:space="preserve">
        <code><![CDATA[<ol>
    <li>${cursor}</li>
</ol>]]></code>
    </codetemplate>
    <codetemplate abbreviation="ins" xml:space="preserve">
        <code><![CDATA[<ins>${text}</ins>]]></code>
        <description><![CDATA[Inserted text.]]></description>
    </codetemplate>
    <codetemplate abbreviation="mark" xml:space="preserve">
        <code><![CDATA[<mark>${text}</mark>]]></code>
    </codetemplate>
    <codetemplate abbreviation="tfoot" xml:space="preserve">
        <code><![CDATA[<tfoot>${cursor}</tfoot>]]></code>
        <description><![CDATA[Table footer.]]></description>
    </codetemplate>
    <codetemplate abbreviation="embed" xml:space="preserve">
        <code><![CDATA[<embed src="${src}" type="${type}" />]]></code>
    </codetemplate>
    <codetemplate abbreviation="li" xml:space="preserve">
        <code><![CDATA[<li>${text}</li>]]></code>
        <description><![CDATA[List item.]]></description>
    </codetemplate>
    <codetemplate abbreviation="input:i" xml:space="preserve">
        <code><![CDATA[<input type="image" id="${name}" name="${name}" src="${src}" alt="${alt}" />]]></code>
        <description><![CDATA[Graphical sumbit button.]]></description>
    </codetemplate>
    <codetemplate abbreviation="tarea" xml:space="preserve">
        <code><![CDATA[<textarea id="${name}" name="${name}" cols="${cols default="30"}" rows="${rows default="10"}"></textarea>]]></code>
        <description><![CDATA[Multiline text field.]]></description>
    </codetemplate>
    <codetemplate abbreviation="strong" xml:space="preserve">
        <code><![CDATA[<strong>${text}</strong>]]></code>
        <description><![CDATA[Strong emphasis.]]></description>
    </codetemplate>
    <codetemplate abbreviation="input:h" xml:space="preserve">
        <code><![CDATA[<input type="hidden" id="${name}" name="${name}" value="${value}" />]]></code>
        <description><![CDATA[Hidden form control.]]></description>
    </codetemplate>
    <codetemplate abbreviation="optg" xml:space="preserve">
        <code><![CDATA[<optgroup label="${label}">${cursor}</optgroup>]]></code>
    </codetemplate>
    <codetemplate abbreviation="colg=" xml:space="preserve">
        <code><![CDATA[<colgroup span="${span}" width="${width}">
    <col />
</colgroup>]]></code>
    </codetemplate>
    <codetemplate abbreviation="link:favicon" xml:space="preserve">
        <code><![CDATA[<link rel="shortcut icon" type="image/x-icon" href="${favicon}.ico" />]]></code>
        <description><![CDATA[Favicon link.]]></description>
    </codetemplate>
    <codetemplate abbreviation="input:f" xml:space="preserve">
        <code><![CDATA[<input type="file" id="${name}" name="${name}" />]]></code>
        <description><![CDATA[File upload control.]]></description>
    </codetemplate>
    <codetemplate abbreviation="output" xml:space="preserve">
        <code><![CDATA[<output>${cursor}</output>]]></code>
    </codetemplate>
    <codetemplate abbreviation="form:get" xml:space="preserve">
        <code><![CDATA[<form action="${action}" method="get">${cursor}</form>]]></code>
    </codetemplate>
    <codetemplate abbreviation="input:c" xml:space="preserve">
        <code><![CDATA[<input type="checkbox" name="${name}" />]]></code>
        <description><![CDATA[Checkbox control.]]></description>
    </codetemplate>
    <codetemplate abbreviation="input:b" xml:space="preserve">
        <code><![CDATA[<input type="button" value="${title}" />]]></code>
        <description><![CDATA[Button control.]]></description>
    </codetemplate>
    <codetemplate abbreviation="meta:utf" xml:space="preserve">
        <code><![CDATA[<meta http-equiv="content-type" content="text/html;charset=UTF-8" />]]></code>
        <description><![CDATA[UTF-8 charset.]]></description>
    </codetemplate>
    <codetemplate abbreviation="hr" xml:space="preserve">
        <code><![CDATA[<hr />]]></code>
        <description><![CDATA[Horizontal rule.]]></description>
    </codetemplate>
    <codetemplate abbreviation="input:datetime" xml:space="preserve">
        <code><![CDATA[<input type="datetime" id="${name}" name="${name}" value="${value}" />]]></code>
    </codetemplate>
    <codetemplate abbreviation="adr" xml:space="preserve">
        <code><![CDATA[<address>${text}</address>]]></code>
        <description><![CDATA[Address.]]></description>
    </codetemplate>
    <codetemplate abbreviation="fig" xml:space="preserve">
        <code><![CDATA[<figure>${text}</figure>]]></code>
    </codetemplate>
    <codetemplate abbreviation="div" xml:space="preserve">
        <code><![CDATA[<div>${cursor}</div>]]></code>
        <description><![CDATA[Generic block-level language/style container.]]></description>
    </codetemplate>
    <codetemplate abbreviation="input:r" xml:space="preserve">
        <code><![CDATA[<input type="radio" name="${name}" />]]></code>
        <description><![CDATA[Radio button.]]></description>
    </codetemplate>
    <codetemplate abbreviation="input:s" xml:space="preserve">
        <code><![CDATA[<input type="submit" value="${button_title}" />]]></code>
        <description><![CDATA[Form submit button.]]></description>
    </codetemplate>
    <codetemplate abbreviation="input:p" xml:space="preserve">
        <code><![CDATA[<input type="password" id="${name}" name="${name}" value="${value}" />]]></code>
        <description><![CDATA[Password input control.]]></description>
    </codetemplate>
    <codetemplate abbreviation="object" xml:space="preserve">
        <code><![CDATA[<object data="${data}" type="${type}" width="${width}" height="${height}">${text}</object>]]></code>
        <description><![CDATA[Generic embedded object.]]></description>
    </codetemplate>
    <codetemplate abbreviation="input:t" xml:space="preserve">
        <code><![CDATA[<input type="text" id="${name}" name="${name}" value="${value}" />]]></code>
        <description><![CDATA[Text input control.]]></description>
    </codetemplate>
    <codetemplate abbreviation="details" xml:space="preserve">
        <code><![CDATA[<details>${cursor}</details>]]></code>
    </codetemplate>
    <codetemplate abbreviation="datal" xml:space="preserve">
        <code><![CDATA[<datalist>${cursor}</datalist>]]></code>
    </codetemplate>
    <codetemplate abbreviation="dialog" xml:space="preserve">
        <code><![CDATA[<dialog>${cursor}</dialog>]]></code>
    </codetemplate>
    <codetemplate abbreviation="input:button" xml:space="preserve">
        <code><![CDATA[<input type="button" value="${title}" />]]></code>
    </codetemplate>
    <codetemplate abbreviation="acronym" xml:space="preserve">
        <code><![CDATA[<acronym title="${title}">${text}</acronym>]]></code>
    </codetemplate>
    <codetemplate abbreviation="link:print" xml:space="preserve">
        <code><![CDATA[<link rel="stylesheet" type="text/css" href="${css}.css" media="${media default="print"}" />]]></code>
    </codetemplate>
    <codetemplate abbreviation="p_selected" xml:space="preserve">
        <code><![CDATA[<p>${selection}</p>]]></code>
    </codetemplate>
    <codetemplate abbreviation="section" xml:space="preserve">
        <code><![CDATA[<section>${cursor}</section>]]></code>
    </codetemplate>
    <codetemplate abbreviation="dl=" xml:space="preserve">
        <code><![CDATA[<dl>
    <dt>${term}</dt>
    <dd>${data}</dd>
</dl>]]></code>
    </codetemplate>
    <codetemplate abbreviation="input:number" xml:space="preserve">
        <code><![CDATA[<input type="number" id="${name}" name="${name}" value="${value}" />]]></code>
    </codetemplate>
    <codetemplate abbreviation="address" xml:space="preserve">
        <code><![CDATA[<address>${cursor}</address>]]></code>
    </codetemplate>
    <codetemplate abbreviation="b_selected" xml:space="preserve">
        <code><![CDATA[<b>${selection}</b>]]></code>
    </codetemplate>
    <codetemplate abbreviation="acr" xml:space="preserve">
        <code><![CDATA[<acronym title="${title}">${text}</acronym>]]></code>
        <description><![CDATA[Acronym.]]></description>
    </codetemplate>
    <codetemplate abbreviation="a_selected" xml:space="preserve">
        <code><![CDATA[<a href="${link default="http://"}">${selection}</a>]]></code>
    </codetemplate>
</codetemplates>
